[
{
    "model": "auth.permission",
    "pk": 1,
    "fields": {
        "name": "Can add log entry",
        "content_type": 1,
        "codename": "add_logentry"
    }
},
{
    "model": "auth.permission",
    "pk": 2,
    "fields": {
        "name": "Can change log entry",
        "content_type": 1,
        "codename": "change_logentry"
    }
},
{
    "model": "auth.permission",
    "pk": 3,
    "fields": {
        "name": "Can delete log entry",
        "content_type": 1,
        "codename": "delete_logentry"
    }
},
{
    "model": "auth.permission",
    "pk": 4,
    "fields": {
        "name": "Can view log entry",
        "content_type": 1,
        "codename": "view_logentry"
    }
},
{
    "model": "auth.permission",
    "pk": 5,
    "fields": {
        "name": "Can add permission",
        "content_type": 2,
        "codename": "add_permission"
    }
},
{
    "model": "auth.permission",
    "pk": 6,
    "fields": {
        "name": "Can change permission",
        "content_type": 2,
        "codename": "change_permission"
    }
},
{
    "model": "auth.permission",
    "pk": 7,
    "fields": {
        "name": "Can delete permission",
        "content_type": 2,
        "codename": "delete_permission"
    }
},
{
    "model": "auth.permission",
    "pk": 8,
    "fields": {
        "name": "Can view permission",
        "content_type": 2,
        "codename": "view_permission"
    }
},
{
    "model": "auth.permission",
    "pk": 9,
    "fields": {
        "name": "Can add group",
        "content_type": 3,
        "codename": "add_group"
    }
},
{
    "model": "auth.permission",
    "pk": 10,
    "fields": {
        "name": "Can change group",
        "content_type": 3,
        "codename": "change_group"
    }
},
{
    "model": "auth.permission",
    "pk": 11,
    "fields": {
        "name": "Can delete group",
        "content_type": 3,
        "codename": "delete_group"
    }
},
{
    "model": "auth.permission",
    "pk": 12,
    "fields": {
        "name": "Can view group",
        "content_type": 3,
        "codename": "view_group"
    }
},
{
    "model": "auth.permission",
    "pk": 13,
    "fields": {
        "name": "Can add content type",
        "content_type": 4,
        "codename": "add_contenttype"
    }
},
{
    "model": "auth.permission",
    "pk": 14,
    "fields": {
        "name": "Can change content type",
        "content_type": 4,
        "codename": "change_contenttype"
    }
},
{
    "model": "auth.permission",
    "pk": 15,
    "fields": {
        "name": "Can delete content type",
        "content_type": 4,
        "codename": "delete_contenttype"
    }
},
{
    "model": "auth.permission",
    "pk": 16,
    "fields": {
        "name": "Can view content type",
        "content_type": 4,
        "codename": "view_contenttype"
    }
},
{
    "model": "auth.permission",
    "pk": 17,
    "fields": {
        "name": "Can add session",
        "content_type": 5,
        "codename": "add_session"
    }
},
{
    "model": "auth.permission",
    "pk": 18,
    "fields": {
        "name": "Can change session",
        "content_type": 5,
        "codename": "change_session"
    }
},
{
    "model": "auth.permission",
    "pk": 19,
    "fields": {
        "name": "Can delete session",
        "content_type": 5,
        "codename": "delete_session"
    }
},
{
    "model": "auth.permission",
    "pk": 20,
    "fields": {
        "name": "Can view session",
        "content_type": 5,
        "codename": "view_session"
    }
},
{
    "model": "auth.permission",
    "pk": 21,
    "fields": {
        "name": "Can add cliente",
        "content_type": 6,
        "codename": "add_cliente"
    }
},
{
    "model": "auth.permission",
    "pk": 22,
    "fields": {
        "name": "Can change cliente",
        "content_type": 6,
        "codename": "change_cliente"
    }
},
{
    "model": "auth.permission",
    "pk": 23,
    "fields": {
        "name": "Can delete cliente",
        "content_type": 6,
        "codename": "delete_cliente"
    }
},
{
    "model": "auth.permission",
    "pk": 24,
    "fields": {
        "name": "Can view cliente",
        "content_type": 6,
        "codename": "view_cliente"
    }
},
{
    "model": "auth.permission",
    "pk": 25,
    "fields": {
        "name": "Can add empresa externa",
        "content_type": 7,
        "codename": "add_empresaexterna"
    }
},
{
    "model": "auth.permission",
    "pk": 26,
    "fields": {
        "name": "Can change empresa externa",
        "content_type": 7,
        "codename": "change_empresaexterna"
    }
},
{
    "model": "auth.permission",
    "pk": 27,
    "fields": {
        "name": "Can delete empresa externa",
        "content_type": 7,
        "codename": "delete_empresaexterna"
    }
},
{
    "model": "auth.permission",
    "pk": 28,
    "fields": {
        "name": "Can view empresa externa",
        "content_type": 7,
        "codename": "view_empresaexterna"
    }
},
{
    "model": "auth.permission",
    "pk": 29,
    "fields": {
        "name": "Can add estacion itv",
        "content_type": 8,
        "codename": "add_estacionitv"
    }
},
{
    "model": "auth.permission",
    "pk": 30,
    "fields": {
        "name": "Can change estacion itv",
        "content_type": 8,
        "codename": "change_estacionitv"
    }
},
{
    "model": "auth.permission",
    "pk": 31,
    "fields": {
        "name": "Can delete estacion itv",
        "content_type": 8,
        "codename": "delete_estacionitv"
    }
},
{
    "model": "auth.permission",
    "pk": 32,
    "fields": {
        "name": "Can view estacion itv",
        "content_type": 8,
        "codename": "view_estacionitv"
    }
},
{
    "model": "auth.permission",
    "pk": 33,
    "fields": {
        "name": "Can add inspeccion",
        "content_type": 9,
        "codename": "add_inspeccion"
    }
},
{
    "model": "auth.permission",
    "pk": 34,
    "fields": {
        "name": "Can change inspeccion",
        "content_type": 9,
        "codename": "change_inspeccion"
    }
},
{
    "model": "auth.permission",
    "pk": 35,
    "fields": {
        "name": "Can delete inspeccion",
        "content_type": 9,
        "codename": "delete_inspeccion"
    }
},
{
    "model": "auth.permission",
    "pk": 36,
    "fields": {
        "name": "Can view inspeccion",
        "content_type": 9,
        "codename": "view_inspeccion"
    }
},
{
    "model": "auth.permission",
    "pk": 37,
    "fields": {
        "name": "Can add local",
        "content_type": 10,
        "codename": "add_local"
    }
},
{
    "model": "auth.permission",
    "pk": 38,
    "fields": {
        "name": "Can change local",
        "content_type": 10,
        "codename": "change_local"
    }
},
{
    "model": "auth.permission",
    "pk": 39,
    "fields": {
        "name": "Can delete local",
        "content_type": 10,
        "codename": "delete_local"
    }
},
{
    "model": "auth.permission",
    "pk": 40,
    "fields": {
        "name": "Can view local",
        "content_type": 10,
        "codename": "view_local"
    }
},
{
    "model": "auth.permission",
    "pk": 41,
    "fields": {
        "name": "Can add cita",
        "content_type": 11,
        "codename": "add_cita"
    }
},
{
    "model": "auth.permission",
    "pk": 42,
    "fields": {
        "name": "Can change cita",
        "content_type": 11,
        "codename": "change_cita"
    }
},
{
    "model": "auth.permission",
    "pk": 43,
    "fields": {
        "name": "Can delete cita",
        "content_type": 11,
        "codename": "delete_cita"
    }
},
{
    "model": "auth.permission",
    "pk": 44,
    "fields": {
        "name": "Can view cita",
        "content_type": 11,
        "codename": "view_cita"
    }
},
{
    "model": "auth.permission",
    "pk": 45,
    "fields": {
        "name": "Can add factura",
        "content_type": 12,
        "codename": "add_factura"
    }
},
{
    "model": "auth.permission",
    "pk": 46,
    "fields": {
        "name": "Can change factura",
        "content_type": 12,
        "codename": "change_factura"
    }
},
{
    "model": "auth.permission",
    "pk": 47,
    "fields": {
        "name": "Can delete factura",
        "content_type": 12,
        "codename": "delete_factura"
    }
},
{
    "model": "auth.permission",
    "pk": 48,
    "fields": {
        "name": "Can view factura",
        "content_type": 12,
        "codename": "view_factura"
    }
},
{
    "model": "auth.permission",
    "pk": 49,
    "fields": {
        "name": "Can add maquinaria",
        "content_type": 13,
        "codename": "add_maquinaria"
    }
},
{
    "model": "auth.permission",
    "pk": 50,
    "fields": {
        "name": "Can change maquinaria",
        "content_type": 13,
        "codename": "change_maquinaria"
    }
},
{
    "model": "auth.permission",
    "pk": 51,
    "fields": {
        "name": "Can delete maquinaria",
        "content_type": 13,
        "codename": "delete_maquinaria"
    }
},
{
    "model": "auth.permission",
    "pk": 52,
    "fields": {
        "name": "Can view maquinaria",
        "content_type": 13,
        "codename": "view_maquinaria"
    }
},
{
    "model": "auth.permission",
    "pk": 53,
    "fields": {
        "name": "Can add trabajador",
        "content_type": 14,
        "codename": "add_trabajador"
    }
},
{
    "model": "auth.permission",
    "pk": 54,
    "fields": {
        "name": "Can change trabajador",
        "content_type": 14,
        "codename": "change_trabajador"
    }
},
{
    "model": "auth.permission",
    "pk": 55,
    "fields": {
        "name": "Can delete trabajador",
        "content_type": 14,
        "codename": "delete_trabajador"
    }
},
{
    "model": "auth.permission",
    "pk": 56,
    "fields": {
        "name": "Can view trabajador",
        "content_type": 14,
        "codename": "view_trabajador"
    }
},
{
    "model": "auth.permission",
    "pk": 57,
    "fields": {
        "name": "Can add vehiculo",
        "content_type": 15,
        "codename": "add_vehiculo"
    }
},
{
    "model": "auth.permission",
    "pk": 58,
    "fields": {
        "name": "Can change vehiculo",
        "content_type": 15,
        "codename": "change_vehiculo"
    }
},
{
    "model": "auth.permission",
    "pk": 59,
    "fields": {
        "name": "Can delete vehiculo",
        "content_type": 15,
        "codename": "delete_vehiculo"
    }
},
{
    "model": "auth.permission",
    "pk": 60,
    "fields": {
        "name": "Can view vehiculo",
        "content_type": 15,
        "codename": "view_vehiculo"
    }
},
{
    "model": "auth.permission",
    "pk": 61,
    "fields": {
        "name": "Can add user",
        "content_type": 16,
        "codename": "add_usuario"
    }
},
{
    "model": "auth.permission",
    "pk": 62,
    "fields": {
        "name": "Can change user",
        "content_type": 16,
        "codename": "change_usuario"
    }
},
{
    "model": "auth.permission",
    "pk": 63,
    "fields": {
        "name": "Can delete user",
        "content_type": 16,
        "codename": "delete_usuario"
    }
},
{
    "model": "auth.permission",
    "pk": 64,
    "fields": {
        "name": "Can view user",
        "content_type": 16,
        "codename": "view_usuario"
    }
},
{
    "model": "auth.group",
    "pk": 1,
    "fields": {
        "name": "Clientes",
        "permissions": [
            41,
            42,
            43,
            44,
            57,
            58,
            59,
            60
        ]
    }
},
{
    "model": "auth.group",
    "pk": 2,
    "fields": {
        "name": "Trabajadores",
        "permissions": [
            45,
            46,
            47,
            48,
            33,
            34,
            35,
            36
        ]
    }
},
{
    "model": "contenttypes.contenttype",
    "pk": 1,
    "fields": {
        "app_label": "admin",
        "model": "logentry"
    }
},
{
    "model": "contenttypes.contenttype",
    "pk": 2,
    "fields": {
        "app_label": "auth",
        "model": "permission"
    }
},
{
    "model": "contenttypes.contenttype",
    "pk": 3,
    "fields": {
        "app_label": "auth",
        "model": "group"
    }
},
{
    "model": "contenttypes.contenttype",
    "pk": 4,
    "fields": {
        "app_label": "contenttypes",
        "model": "contenttype"
    }
},
{
    "model": "contenttypes.contenttype",
    "pk": 5,
    "fields": {
        "app_label": "sessions",
        "model": "session"
    }
},
{
    "model": "contenttypes.contenttype",
    "pk": 6,
    "fields": {
        "app_label": "ITV",
        "model": "cliente"
    }
},
{
    "model": "contenttypes.contenttype",
    "pk": 7,
    "fields": {
        "app_label": "ITV",
        "model": "empresaexterna"
    }
},
{
    "model": "contenttypes.contenttype",
    "pk": 8,
    "fields": {
        "app_label": "ITV",
        "model": "estacionitv"
    }
},
{
    "model": "contenttypes.contenttype",
    "pk": 9,
    "fields": {
        "app_label": "ITV",
        "model": "inspeccion"
    }
},
{
    "model": "contenttypes.contenttype",
    "pk": 10,
    "fields": {
        "app_label": "ITV",
        "model": "local"
    }
},
{
    "model": "contenttypes.contenttype",
    "pk": 11,
    "fields": {
        "app_label": "ITV",
        "model": "cita"
    }
},
{
    "model": "contenttypes.contenttype",
    "pk": 12,
    "fields": {
        "app_label": "ITV",
        "model": "factura"
    }
},
{
    "model": "contenttypes.contenttype",
    "pk": 13,
    "fields": {
        "app_label": "ITV",
        "model": "maquinaria"
    }
},
{
    "model": "contenttypes.contenttype",
    "pk": 14,
    "fields": {
        "app_label": "ITV",
        "model": "trabajador"
    }
},
{
    "model": "contenttypes.contenttype",
    "pk": 15,
    "fields": {
        "app_label": "ITV",
        "model": "vehiculo"
    }
},
{
    "model": "contenttypes.contenttype",
    "pk": 16,
    "fields": {
        "app_label": "ITV",
        "model": "usuario"
    }
},
{
    "model": "sessions.session",
    "pk": "xxv0osdxu9vcalz0dqejpztrmevqcskd",
    "fields": {
        "session_data": ".eJxVjDsOwyAQBa8SUUcYLwZ_yvQ5A9pdIJBEIPlTRbl7YsmN2zcz7yNi4IQul8y5ikm0Y6PaBhSYC-jJGHEVDrc1uW0Js8t-V-x5JORXKDvxTyyPKrmWdc4kd0UedJH36sP7dring4RL-tdImnsEzV5rCposAfKgB09E0KNiGjzagSnwqCJYH9F0oAKA6ToTR_H9AfLkQhU:1tZeCb:vJ8qsUtninSp8aa8AvviS67lySlsBmfhYKs5iulB47U",
        "expire_date": "2025-02-02T23:55:33.843"
    }
},
{
    "model": "ITV.usuario",
    "pk": 1,
    "fields": {
        "password": "Raise various sea sometimes quality eat win. Fine medical garden forget cost item perform. Market hard conference.",
        "last_login": "2020-07-20T05:56:11.745",
        "is_superuser": true,
        "username": "reedkelli",
        "first_name": "Austin",
        "last_name": "Dean",
        "email": "ljordan@example.com",
        "is_staff": true,
        "is_active": true,
        "date_joined": "2025-01-19T22:07:04.726",
        "rol": 1,
        "groups": [],
        "user_permissions": []
    }
},
{
    "model": "ITV.usuario",
    "pk": 2,
    "fields": {
        "password": "Capital race magazine close others vote owner.\nTraditional almost college. Both play read increase.",
        "last_login": "2023-09-08T10:03:16.792",
        "is_superuser": false,
        "username": "alexander37",
        "first_name": "Stephanie",
        "last_name": "Lester",
        "email": "moorejoan@example.net",
        "is_staff": false,
        "is_active": true,
        "date_joined": "2025-01-19T22:07:04.726",
        "rol": 1,
        "groups": [],
        "user_permissions": []
    }
},
{
    "model": "ITV.usuario",
    "pk": 3,
    "fields": {
        "password": "Four develop tonight bag. Challenge after that soon ago. Take know like serious.",
        "last_login": "1976-01-22T21:49:18.133",
        "is_superuser": false,
        "username": "geoffrey75",
        "first_name": "James",
        "last_name": "Garrison",
        "email": "samuel34@example.net",
        "is_staff": true,
        "is_active": true,
        "date_joined": "2025-01-19T22:07:04.726",
        "rol": 1,
        "groups": [],
        "user_permissions": []
    }
},
{
    "model": "ITV.usuario",
    "pk": 4,
    "fields": {
        "password": "Shake produce red kind rather.",
        "last_login": "2012-01-17T15:15:26.920",
        "is_superuser": false,
        "username": "daniel57",
        "first_name": "Timothy",
        "last_name": "Noble",
        "email": "jason58@example.net",
        "is_staff": true,
        "is_active": true,
        "date_joined": "2025-01-19T22:07:04.726",
        "rol": 1,
        "groups": [],
        "user_permissions": []
    }
},
{
    "model": "ITV.usuario",
    "pk": 5,
    "fields": {
        "password": "Play car them third scientist.",
        "last_login": "2006-01-21T16:04:25.053",
        "is_superuser": true,
        "username": "joryan",
        "first_name": "Rachel",
        "last_name": "Frost",
        "email": "pruittchristopher@example.net",
        "is_staff": true,
        "is_active": true,
        "date_joined": "2025-01-19T22:07:04.726",
        "rol": 1,
        "groups": [],
        "user_permissions": []
    }
},
{
    "model": "ITV.usuario",
    "pk": 6,
    "fields": {
        "password": "Green child ability build right cause painting. Sister program show without. Civil grow site him successful role.",
        "last_login": "1985-09-21T04:19:28.214",
        "is_superuser": true,
        "username": "chadcamacho",
        "first_name": "Eddie",
        "last_name": "Garcia",
        "email": "natalieford@example.org",
        "is_staff": false,
        "is_active": true,
        "date_joined": "2025-01-19T22:07:04.726",
        "rol": 1,
        "groups": [],
        "user_permissions": []
    }
},
{
    "model": "ITV.usuario",
    "pk": 7,
    "fields": {
        "password": "Step something plan deep though fight. Positive lead manager evidence three.",
        "last_login": "1985-10-17T03:09:35.412",
        "is_superuser": false,
        "username": "traci53",
        "first_name": "Dawn",
        "last_name": "Bowen",
        "email": "williamsbarry@example.net",
        "is_staff": true,
        "is_active": true,
        "date_joined": "2025-01-19T22:07:04.726",
        "rol": 1,
        "groups": [],
        "user_permissions": []
    }
},
{
    "model": "ITV.usuario",
    "pk": 8,
    "fields": {
        "password": "Sing everyone choose source simple send certainly. Small available up term wait best stop as.",
        "last_login": "2006-01-14T15:55:47.854",
        "is_superuser": true,
        "username": "jenniferbarr",
        "first_name": "Ariana",
        "last_name": "Calhoun",
        "email": "leonard87@example.com",
        "is_staff": true,
        "is_active": true,
        "date_joined": "2025-01-19T22:07:04.726",
        "rol": 1,
        "groups": [],
        "user_permissions": []
    }
},
{
    "model": "ITV.usuario",
    "pk": 9,
    "fields": {
        "password": "Perform similar medical away end. Design happen manage home reduce.",
        "last_login": "1974-01-16T20:13:22.219",
        "is_superuser": false,
        "username": "jason17",
        "first_name": "Natasha",
        "last_name": "Meyer",
        "email": "katieburns@example.net",
        "is_staff": false,
        "is_active": true,
        "date_joined": "2025-01-19T22:07:04.726",
        "rol": 1,
        "groups": [],
        "user_permissions": []
    }
},
{
    "model": "ITV.usuario",
    "pk": 10,
    "fields": {
        "password": "Save dog scientist hotel Democrat leg a. Push every sort perhaps.",
        "last_login": "2009-01-13T13:16:13.054",
        "is_superuser": false,
        "username": "xking",
        "first_name": "David",
        "last_name": "Hicks",
        "email": "brianlynn@example.com",
        "is_staff": false,
        "is_active": true,
        "date_joined": "2025-01-19T22:07:04.726",
        "rol": 1,
        "groups": [],
        "user_permissions": []
    }
},
{
    "model": "ITV.usuario",
    "pk": 11,
    "fields": {
        "password": "Person attack far recently establish station. Along whose audience.",
        "last_login": "2006-10-27T01:05:09.236",
        "is_superuser": false,
        "username": "joseph36",
        "first_name": "Blake",
        "last_name": "Williams",
        "email": "collierheather@example.net",
        "is_staff": true,
        "is_active": true,
        "date_joined": "2025-01-19T22:07:04.726",
        "rol": 1,
        "groups": [],
        "user_permissions": []
    }
},
{
    "model": "ITV.usuario",
    "pk": 12,
    "fields": {
        "password": "Call executive investment magazine bag employee. Writer behavior behind join physical produce fall. Remain mean capital.",
        "last_login": "1981-07-28T13:54:52.978",
        "is_superuser": false,
        "username": "nperry",
        "first_name": "Laura",
        "last_name": "Bradford",
        "email": "kevinpeters@example.net",
        "is_staff": false,
        "is_active": true,
        "date_joined": "2025-01-19T22:07:04.726",
        "rol": 1,
        "groups": [],
        "user_permissions": []
    }
},
{
    "model": "ITV.usuario",
    "pk": 13,
    "fields": {
        "password": "Gun decision majority continue career. Positive brother music theory beyond. Other outside society possible important.",
        "last_login": "2019-01-29T11:22:24.070",
        "is_superuser": true,
        "username": "bmorrow",
        "first_name": "Frederick",
        "last_name": "Jones",
        "email": "smithsean@example.com",
        "is_staff": true,
        "is_active": true,
        "date_joined": "2025-01-19T22:07:04.726",
        "rol": 1,
        "groups": [],
        "user_permissions": []
    }
},
{
    "model": "ITV.usuario",
    "pk": 14,
    "fields": {
        "password": "Center bar card million off. Claim near listen into chair. Health drug chance score down catch.",
        "last_login": "2008-06-09T22:59:41.460",
        "is_superuser": true,
        "username": "nicholas43",
        "first_name": "Jackson",
        "last_name": "Miller",
        "email": "rfrank@example.net",
        "is_staff": false,
        "is_active": true,
        "date_joined": "2025-01-19T22:07:04.726",
        "rol": 1,
        "groups": [],
        "user_permissions": []
    }
},
{
    "model": "ITV.usuario",
    "pk": 15,
    "fields": {
        "password": "Night data time seek during claim budget. Fact book hand live drug tax start save. Degree us seek result focus.",
        "last_login": "1980-07-04T18:24:09.350",
        "is_superuser": false,
        "username": "zgray",
        "first_name": "Crystal",
        "last_name": "Hendricks",
        "email": "michael16@example.org",
        "is_staff": false,
        "is_active": true,
        "date_joined": "2025-01-19T22:07:04.726",
        "rol": 1,
        "groups": [],
        "user_permissions": []
    }
},
{
    "model": "ITV.usuario",
    "pk": 16,
    "fields": {
        "password": "pbkdf2_sha256$870000$OdDfYR00Ion1i8SWnMkv6G$+VvH8aUbo76Btg2JMFnnZ/7VWAZoUUyfcekm70tkhWk=",
        "last_login": "2025-01-19T23:55:33.696",
        "is_superuser": true,
        "username": "javier",
        "first_name": "",
        "last_name": "",
        "email": "javier@javier.com",
        "is_staff": true,
        "is_active": true,
        "date_joined": "2025-01-19T22:08:41.613",
        "rol": 1,
        "groups": [],
        "user_permissions": []
    }
},
{
    "model": "ITV.usuario",
    "pk": 17,
    "fields": {
        "password": "pbkdf2_sha256$870000$kud9OEVqd7KQqeVSEob0E4$ArX14NmVgsanBSkNVQdKaHRukA97wdHqnmyzDZMbV/k=",
        "last_login": "2025-01-19T22:18:24.031",
        "is_superuser": false,
        "username": "cliente1",
        "first_name": "",
        "last_name": "",
        "email": "cliente1@gmail.com",
        "is_staff": false,
        "is_active": true,
        "date_joined": "2025-01-19T22:10:14.509",
        "rol": 2,
        "groups": [
            1
        ],
        "user_permissions": []
    }
},
{
    "model": "ITV.usuario",
    "pk": 18,
    "fields": {
        "password": "pbkdf2_sha256$870000$nOolrpQr7WaHK76gCuySJb$IdSTKOsJPGEDfSZCvBgU8hIBLCDqMfaEJK3KBK9X1wI=",
        "last_login": "2025-01-19T22:21:35.086",
        "is_superuser": false,
        "username": "trabajador1",
        "first_name": "",
        "last_name": "",
        "email": "trabajador1@gmail.com",
        "is_staff": false,
        "is_active": true,
        "date_joined": "2025-01-19T22:21:34.280",
        "rol": 3,
        "groups": [
            2
        ],
        "user_permissions": []
    }
},
{
    "model": "ITV.usuario",
    "pk": 19,
    "fields": {
        "password": "pbkdf2_sha256$870000$fhxK6eJMcVDbrfcwi8RjdN$5Xq21VuQg/4y2021P4TXgHP7lXDFI443Br5ohR9ZPfo=",
        "last_login": "2025-01-19T22:31:45.033",
        "is_superuser": false,
        "username": "trabajador2",
        "first_name": "",
        "last_name": "",
        "email": "trabajador1@gmail.com",
        "is_staff": false,
        "is_active": true,
        "date_joined": "2025-01-19T22:31:44.002",
        "rol": 3,
        "groups": [
            2
        ],
        "user_permissions": []
    }
},
{
    "model": "ITV.cliente",
    "pk": 1,
    "fields": {
        "email": "timothymoore@example.org",
        "nombre": "Development song stand never east probably.",
        "apellidos": "Player break away great pretty.",
        "sexo": "M",
        "fecha_nacimiento": "1983-03-12",
        "codigo_postal": 19277,
        "domicilio": "Job great with after. Believe message wall open.\nWithout present outside ago expect experience. Picture care suffer across way. Candidate right yet them.",
        "telefono": 27758,
        "dni": "Receive.",
        "imagen": "side.mp3",
        "usuario": 11
    }
},
{
    "model": "ITV.cliente",
    "pk": 2,
    "fields": {
        "email": "nmitchell@example.com",
        "nombre": "Relationship paper year share free.",
        "apellidos": "Morning however score else team.",
        "sexo": "F",
        "fecha_nacimiento": "1973-06-17",
        "codigo_postal": -26312,
        "domicilio": "One pretty friend soon hundred. Bag without expert civil suffer. Girl reveal consumer happy quite.\nSoldier back hand author program stage. Me law week Congress.",
        "telefono": 20825,
        "dni": "Create.",
        "imagen": "new.jpeg",
        "usuario": 13
    }
},
{
    "model": "ITV.cliente",
    "pk": 3,
    "fields": {
        "email": "jennifer87@example.org",
        "nombre": "Tend material exist yet three one write.",
        "apellidos": "Hard mention follow visit eight others.",
        "sexo": "F",
        "fecha_nacimiento": "1988-07-24",
        "codigo_postal": 6032,
        "domicilio": "Physical plant church another sit. Page bank decade eat watch.\nArtist focus moment first participant. Note bar discussion forget ago. Simple get would fly ago environment quality.",
        "telefono": 17124,
        "dni": "Old.",
        "imagen": "because.mp3",
        "usuario": 12
    }
},
{
    "model": "ITV.cliente",
    "pk": 4,
    "fields": {
        "email": "john16@example.com",
        "nombre": "Foreign book eye agency manager street.",
        "apellidos": "Notice structure thus agree television serious.",
        "sexo": "F",
        "fecha_nacimiento": "2020-09-21",
        "codigo_postal": -3690,
        "domicilio": "Thought list challenge explain bad. Technology wish model environmental. Let without phone increase probably.\nThank level career prevent here actually me morning. Despite kind possible nothing rule.",
        "telefono": 17589,
        "dni": "Involve.",
        "imagen": "small.json",
        "usuario": 6
    }
},
{
    "model": "ITV.cliente",
    "pk": 5,
    "fields": {
        "email": "gail85@example.org",
        "nombre": "Must indeed generation final parent share sister.",
        "apellidos": "Rest actually man boy way area.",
        "sexo": "M",
        "fecha_nacimiento": "1976-11-24",
        "codigo_postal": 10310,
        "domicilio": "Information product behind line. Speech center interest card away policy.\nOur leg become my. Read carry war. His very purpose moment which level.",
        "telefono": 17939,
        "dni": "These.",
        "imagen": "fact.html",
        "usuario": 9
    }
},
{
    "model": "ITV.cliente",
    "pk": 6,
    "fields": {
        "email": "clawrence@example.com",
        "nombre": "Hair candidate allow wish.",
        "apellidos": "Bit lose wonder those share response benefit.",
        "sexo": "M",
        "fecha_nacimiento": "1998-11-09",
        "codigo_postal": 26093,
        "domicilio": "Past drive rate believe. Hold the management since.",
        "telefono": 18994,
        "dni": "Will I.",
        "imagen": "generation.json",
        "usuario": 10
    }
},
{
    "model": "ITV.cliente",
    "pk": 7,
    "fields": {
        "email": "millerisabella@example.net",
        "nombre": "Field final building their opportunity.",
        "apellidos": "Property whole can remember side among weight.",
        "sexo": "M",
        "fecha_nacimiento": "2010-09-01",
        "codigo_postal": 20971,
        "domicilio": "Heavy south two. New significant open year network drop amount big. Tonight close government quality article per.\nEverybody above drop scene different worry reason. East yes however total.",
        "telefono": 20664,
        "dni": "Arrive.",
        "imagen": "moment.json",
        "usuario": 3
    }
},
{
    "model": "ITV.cliente",
    "pk": 8,
    "fields": {
        "email": "lucas11@example.net",
        "nombre": "Return school defense sure. Join real civil wait.",
        "apellidos": "Nothing woman or tough upon really.",
        "sexo": "F",
        "fecha_nacimiento": "1986-05-20",
        "codigo_postal": 1809,
        "domicilio": "Rest ability head decade size realize. Born official theory. Future cultural save effort peace.\nAlthough common modern face class behind. Worker guess behavior. Buy various head.",
        "telefono": 9634,
        "dni": "Before.",
        "imagen": "can.mp3",
        "usuario": 7
    }
},
{
    "model": "ITV.cliente",
    "pk": 9,
    "fields": {
        "email": "cooperanna@example.com",
        "nombre": "Allow response establish add home.",
        "apellidos": "Cover hear student although.",
        "sexo": "M",
        "fecha_nacimiento": "1999-05-08",
        "codigo_postal": 14694,
        "domicilio": "Use buy as be including something have. Attack just region camera citizen. Key perhaps list better.\nDesign line partner young. Avoid likely work project southern. Writer feel address.",
        "telefono": 17799,
        "dni": "Force.",
        "imagen": "product.tiff",
        "usuario": 2
    }
},
{
    "model": "ITV.cliente",
    "pk": 10,
    "fields": {
        "email": "gnguyen@example.org",
        "nombre": "Nation lay actually our begin main pay.",
        "apellidos": "Evening hospital site town could name onto.",
        "sexo": "M",
        "fecha_nacimiento": "2013-07-10",
        "codigo_postal": -9382,
        "domicilio": "Role reach now around despite always trouble. However space physical.\nVisit job of day produce.\nField like exist official health how officer. With good hear owner do. Story simple yeah him take.",
        "telefono": 7053,
        "dni": "Cell.",
        "imagen": "cell.json",
        "usuario": 14
    }
},
{
    "model": "ITV.cliente",
    "pk": 11,
    "fields": {
        "email": "tamarahoover@example.net",
        "nombre": "By teacher above live people yeah evening.",
        "apellidos": "Fund mouth change growth.",
        "sexo": "F",
        "fecha_nacimiento": "1979-12-18",
        "codigo_postal": 20830,
        "domicilio": "Look true many table would true item. View our number floor. Statement especially mention small provide.\nCenter decide society sort would. During fall result hand source.",
        "telefono": 2097,
        "dni": "College.",
        "imagen": "drop.flac",
        "usuario": 1
    }
},
{
    "model": "ITV.cliente",
    "pk": 12,
    "fields": {
        "email": "xflores@example.com",
        "nombre": "Answer threat cup rise one agree.",
        "apellidos": "Raise course play son hotel college.",
        "sexo": "F",
        "fecha_nacimiento": "2024-06-18",
        "codigo_postal": -21805,
        "domicilio": "If so audience create. Old side couple several answer.\nRich quite organization role. Increase listen speak blue ground crime. See everyone four party response mind. Nation health go on open enough.",
        "telefono": 15525,
        "dni": "Personal.",
        "imagen": "edge.mp3",
        "usuario": 8
    }
},
{
    "model": "ITV.cliente",
    "pk": 13,
    "fields": {
        "email": "shafferkelly@example.com",
        "nombre": "Hospital upon each case line.",
        "apellidos": "Agent final economy game.",
        "sexo": "M",
        "fecha_nacimiento": "2018-06-23",
        "codigo_postal": 18042,
        "domicilio": "Really record music performance. Goal wish employee think increase have room chance. Him instead dog phone.\nReally let beautiful laugh. Blue sell quite seek air fund.",
        "telefono": 25338,
        "dni": "Too.",
        "imagen": "minute.css",
        "usuario": 5
    }
},
{
    "model": "ITV.cliente",
    "pk": 14,
    "fields": {
        "email": "virginia23@example.com",
        "nombre": "Other almost second.",
        "apellidos": "Take hair town century up reveal.",
        "sexo": "M",
        "fecha_nacimiento": "1992-12-19",
        "codigo_postal": -10435,
        "domicilio": "North risk until item. Prove at his thought fund office.\nOffer everyone song fire. Young lead manage military record service moment. Economic free but.",
        "telefono": 23181,
        "dni": "National.",
        "imagen": "close.gif",
        "usuario": 15
    }
},
{
    "model": "ITV.cliente",
    "pk": 15,
    "fields": {
        "email": "michaelgarcia@example.net",
        "nombre": "Base family always month common six animal.",
        "apellidos": "Even discussion picture nothing.",
        "sexo": "M",
        "fecha_nacimiento": "1982-01-07",
        "codigo_postal": 10301,
        "domicilio": "Product look develop society people chance federal. Director southern than fly make seat. Fire treatment much cost kid despite.",
        "telefono": 26448,
        "dni": "Law.",
        "imagen": "arrive.png",
        "usuario": 4
    }
},
{
    "model": "ITV.cliente",
    "pk": 16,
    "fields": {
        "email": "cliente1@gmail.com",
        "nombre": "cliente1",
        "apellidos": "Apellido1",
        "sexo": "",
        "fecha_nacimiento": "1994-10-15",
        "codigo_postal": null,
        "domicilio": null,
        "telefono": null,
        "dni": "13221623C",
        "imagen": "",
        "usuario": 17
    }
},
{
    "model": "ITV.local",
    "pk": 1,
    "fields": {
        "precio": 0.14439233960432274,
        "metros": "0.596",
        "anio_arrendamiento": "2001-01-02",
        "duenio": "Sign today across floor parent few."
    }
},
{
    "model": "ITV.local",
    "pk": 2,
    "fields": {
        "precio": 0.943204029133599,
        "metros": "0.428",
        "anio_arrendamiento": "1996-08-31",
        "duenio": "Character eat both newspaper cost stuff join."
    }
},
{
    "model": "ITV.local",
    "pk": 3,
    "fields": {
        "precio": 0.36743190368753786,
        "metros": "0.259",
        "anio_arrendamiento": "1972-03-21",
        "duenio": "Ok adult value fill sometimes into."
    }
},
{
    "model": "ITV.local",
    "pk": 4,
    "fields": {
        "precio": 0.7182589914658593,
        "metros": "0.698",
        "anio_arrendamiento": "1994-04-19",
        "duenio": "Authority stuff garden yes first speech approach."
    }
},
{
    "model": "ITV.local",
    "pk": 5,
    "fields": {
        "precio": 0.5098513469800955,
        "metros": "0.446",
        "anio_arrendamiento": "2000-06-11",
        "duenio": "Debate single behind tend result cut."
    }
},
{
    "model": "ITV.local",
    "pk": 6,
    "fields": {
        "precio": 0.7646762502735716,
        "metros": "0.328",
        "anio_arrendamiento": "2022-08-21",
        "duenio": "Alone box manage magazine upon same have."
    }
},
{
    "model": "ITV.local",
    "pk": 7,
    "fields": {
        "precio": 0.22367902902803394,
        "metros": "0.382",
        "anio_arrendamiento": "2021-08-31",
        "duenio": "Term traditional PM authority bring expert."
    }
},
{
    "model": "ITV.local",
    "pk": 8,
    "fields": {
        "precio": 0.18100507587483394,
        "metros": "0.113",
        "anio_arrendamiento": "2003-05-28",
        "duenio": "Attorney collection form also."
    }
},
{
    "model": "ITV.local",
    "pk": 9,
    "fields": {
        "precio": 0.4898211254123185,
        "metros": "0.125",
        "anio_arrendamiento": "2009-03-05",
        "duenio": "Result support north goal fall current."
    }
},
{
    "model": "ITV.local",
    "pk": 10,
    "fields": {
        "precio": 0.9688848671647493,
        "metros": "0.861",
        "anio_arrendamiento": "1993-07-04",
        "duenio": "Ten reduce make. Light might turn letter."
    }
},
{
    "model": "ITV.local",
    "pk": 11,
    "fields": {
        "precio": 0.9292465236019227,
        "metros": "0.624",
        "anio_arrendamiento": "2019-09-12",
        "duenio": "Popular result without."
    }
},
{
    "model": "ITV.local",
    "pk": 12,
    "fields": {
        "precio": 0.010109731408634137,
        "metros": "0.915",
        "anio_arrendamiento": "1989-08-13",
        "duenio": "Reflect language special management carry."
    }
},
{
    "model": "ITV.local",
    "pk": 13,
    "fields": {
        "precio": 0.7648891057202243,
        "metros": "0.041",
        "anio_arrendamiento": "1994-08-19",
        "duenio": "Minute discover whether this beautiful help."
    }
},
{
    "model": "ITV.local",
    "pk": 14,
    "fields": {
        "precio": 0.6490551732246972,
        "metros": "0.164",
        "anio_arrendamiento": "2006-08-01",
        "duenio": "Believe program consumer within your effort."
    }
},
{
    "model": "ITV.local",
    "pk": 15,
    "fields": {
        "precio": 0.5062039919692765,
        "metros": "0.081",
        "anio_arrendamiento": "2019-01-02",
        "duenio": "Significant foreign evening bar fact."
    }
},
{
    "model": "ITV.estacionitv",
    "pk": 1,
    "fields": {
        "local": 10,
        "nombre": "Tax fire phone reflect choose.",
        "munipio": "Perform improve would.",
        "eficiencia_energetica": "a",
        "comunidad_autonoma": "Follow poor."
    }
},
{
    "model": "ITV.estacionitv",
    "pk": 2,
    "fields": {
        "local": 9,
        "nombre": "Help type knowledge democratic.",
        "munipio": "Technology scientist agent air mission.",
        "eficiencia_energetica": "m",
        "comunidad_autonoma": "Type again know."
    }
},
{
    "model": "ITV.estacionitv",
    "pk": 3,
    "fields": {
        "local": 11,
        "nombre": "Factor prevent outside term. Office also east.",
        "munipio": "Edge collection line.",
        "eficiencia_energetica": "s",
        "comunidad_autonoma": "Single word sense."
    }
},
{
    "model": "ITV.estacionitv",
    "pk": 4,
    "fields": {
        "local": 3,
        "nombre": "Finish trouble environmental city.",
        "munipio": "Interesting enjoy everybody important very fish.",
        "eficiencia_energetica": "l",
        "comunidad_autonoma": "Bad down continue."
    }
},
{
    "model": "ITV.estacionitv",
    "pk": 5,
    "fields": {
        "local": 4,
        "nombre": "Talk design another.",
        "munipio": "Speech able why bring likely particular center.",
        "eficiencia_energetica": "r",
        "comunidad_autonoma": "Throughout general."
    }
},
{
    "model": "ITV.estacionitv",
    "pk": 6,
    "fields": {
        "local": 6,
        "nombre": "Cover important serious involve last fight what.",
        "munipio": "Kitchen dog issue impact author political.",
        "eficiencia_energetica": "i",
        "comunidad_autonoma": "Firm officer age."
    }
},
{
    "model": "ITV.estacionitv",
    "pk": 7,
    "fields": {
        "local": 14,
        "nombre": "News chance ready local.",
        "munipio": "Onto page war would study federal set.",
        "eficiencia_energetica": "w",
        "comunidad_autonoma": "Customer property."
    }
},
{
    "model": "ITV.estacionitv",
    "pk": 8,
    "fields": {
        "local": 2,
        "nombre": "End imagine again sport also.",
        "munipio": "Shake catch other one property than whose.",
        "eficiencia_energetica": "c",
        "comunidad_autonoma": "Age travel."
    }
},
{
    "model": "ITV.estacionitv",
    "pk": 9,
    "fields": {
        "local": 12,
        "nombre": "Difficult factor worry author off.",
        "munipio": "Food job civil ever fine here school capital.",
        "eficiencia_energetica": "s",
        "comunidad_autonoma": "Remember always."
    }
},
{
    "model": "ITV.estacionitv",
    "pk": 10,
    "fields": {
        "local": 13,
        "nombre": "Beat east stop.",
        "munipio": "Discuss half organization base hotel social.",
        "eficiencia_energetica": "p",
        "comunidad_autonoma": "High important."
    }
},
{
    "model": "ITV.estacionitv",
    "pk": 11,
    "fields": {
        "local": 8,
        "nombre": "Mention hundred only beautiful find agent great.",
        "munipio": "Hair arm material mind owner wide toward.",
        "eficiencia_energetica": "w",
        "comunidad_autonoma": "Especially fast."
    }
},
{
    "model": "ITV.estacionitv",
    "pk": 12,
    "fields": {
        "local": 15,
        "nombre": "Conference than time police bad others sea.",
        "munipio": "Skin hundred forget make.",
        "eficiencia_energetica": "s",
        "comunidad_autonoma": "Know there should."
    }
},
{
    "model": "ITV.estacionitv",
    "pk": 13,
    "fields": {
        "local": 7,
        "nombre": "Each animal election before you scientist.",
        "munipio": "Finally interesting Republican much great.",
        "eficiencia_energetica": "r",
        "comunidad_autonoma": "Century benefit."
    }
},
{
    "model": "ITV.estacionitv",
    "pk": 14,
    "fields": {
        "local": 5,
        "nombre": "Situation drug however during especially set.",
        "munipio": "Author require individual office try.",
        "eficiencia_energetica": "i",
        "comunidad_autonoma": "Fill weight man a."
    }
},
{
    "model": "ITV.estacionitv",
    "pk": 15,
    "fields": {
        "local": 1,
        "nombre": "Character everything avoid data threat.",
        "munipio": "Central country young discover whose.",
        "eficiencia_energetica": "b",
        "comunidad_autonoma": "White particular."
    }
},
{
    "model": "ITV.cita",
    "pk": 1,
    "fields": {
        "cliente": 13,
        "estacion": 12,
        "matricula": "Person.",
        "fecha_matriculacion": "1993-12-25",
        "numero_bastidor": "Often night.",
        "tipo_inspeccion": "PE",
        "remolque": false,
        "tipo_pago": "EF",
        "fecha_propuesta": "2012-10-26",
        "hora_propuesta": "20:08:28"
    }
},
{
    "model": "ITV.cita",
    "pk": 2,
    "fields": {
        "cliente": 4,
        "estacion": 15,
        "matricula": "Life.",
        "fecha_matriculacion": "2012-08-16",
        "numero_bastidor": "Certain might.",
        "tipo_inspeccion": "VETAXV",
        "remolque": false,
        "tipo_pago": "EF",
        "fecha_propuesta": "1987-05-13",
        "hora_propuesta": "12:11:24"
    }
},
{
    "model": "ITV.cita",
    "pk": 3,
    "fields": {
        "cliente": 5,
        "estacion": 15,
        "matricula": "Will.",
        "fecha_matriculacion": "2013-09-02",
        "numero_bastidor": "Accept seat.",
        "tipo_inspeccion": "PE",
        "remolque": true,
        "tipo_pago": "EF",
        "fecha_propuesta": "2011-03-14",
        "hora_propuesta": "09:43:18"
    }
},
{
    "model": "ITV.cita",
    "pk": 4,
    "fields": {
        "cliente": 12,
        "estacion": 11,
        "matricula": "Recent.",
        "fecha_matriculacion": "2021-02-02",
        "numero_bastidor": "Popular baby.",
        "tipo_inspeccion": "NOPE",
        "remolque": true,
        "tipo_pago": "TA",
        "fecha_propuesta": "1977-02-23",
        "hora_propuesta": "04:11:11"
    }
},
{
    "model": "ITV.cita",
    "pk": 5,
    "fields": {
        "cliente": 6,
        "estacion": 12,
        "matricula": "Value.",
        "fecha_matriculacion": "2020-03-13",
        "numero_bastidor": "Should.",
        "tipo_inspeccion": "NOPE",
        "remolque": false,
        "tipo_pago": "EF",
        "fecha_propuesta": "1977-03-17",
        "hora_propuesta": "00:00:21"
    }
},
{
    "model": "ITV.cita",
    "pk": 6,
    "fields": {
        "cliente": 7,
        "estacion": 15,
        "matricula": "Today.",
        "fecha_matriculacion": "2020-08-22",
        "numero_bastidor": "Main plant.",
        "tipo_inspeccion": "NOPE",
        "remolque": false,
        "tipo_pago": "EF",
        "fecha_propuesta": "2012-01-06",
        "hora_propuesta": "01:43:46"
    }
},
{
    "model": "ITV.cita",
    "pk": 7,
    "fields": {
        "cliente": 14,
        "estacion": 11,
        "matricula": "Town.",
        "fecha_matriculacion": "2003-02-19",
        "numero_bastidor": "Glass teach.",
        "tipo_inspeccion": "NOPE",
        "remolque": true,
        "tipo_pago": "EF",
        "fecha_propuesta": "2015-01-05",
        "hora_propuesta": "01:31:51"
    }
},
{
    "model": "ITV.cita",
    "pk": 8,
    "fields": {
        "cliente": 9,
        "estacion": 12,
        "matricula": "Truth.",
        "fecha_matriculacion": "1996-09-05",
        "numero_bastidor": "Seek into life.",
        "tipo_inspeccion": "VETAXV",
        "remolque": false,
        "tipo_pago": "TA",
        "fecha_propuesta": "2011-03-13",
        "hora_propuesta": "08:30:49"
    }
},
{
    "model": "ITV.cita",
    "pk": 9,
    "fields": {
        "cliente": 5,
        "estacion": 2,
        "matricula": "Off.",
        "fecha_matriculacion": "1975-02-19",
        "numero_bastidor": "Six mind compare.",
        "tipo_inspeccion": "VETAXV",
        "remolque": true,
        "tipo_pago": "EF",
        "fecha_propuesta": "1972-08-11",
        "hora_propuesta": "00:11:42"
    }
},
{
    "model": "ITV.cita",
    "pk": 10,
    "fields": {
        "cliente": 4,
        "estacion": 3,
        "matricula": "Indeed.",
        "fecha_matriculacion": "1978-09-11",
        "numero_bastidor": "Peace just open.",
        "tipo_inspeccion": "PE",
        "remolque": false,
        "tipo_pago": "EF",
        "fecha_propuesta": "1994-03-03",
        "hora_propuesta": "04:41:16"
    }
},
{
    "model": "ITV.cita",
    "pk": 11,
    "fields": {
        "cliente": 3,
        "estacion": 10,
        "matricula": "Market.",
        "fecha_matriculacion": "2001-04-28",
        "numero_bastidor": "During they.",
        "tipo_inspeccion": "PE",
        "remolque": false,
        "tipo_pago": "TA",
        "fecha_propuesta": "2012-04-23",
        "hora_propuesta": "05:49:41"
    }
},
{
    "model": "ITV.cita",
    "pk": 12,
    "fields": {
        "cliente": 15,
        "estacion": 14,
        "matricula": "Choose.",
        "fecha_matriculacion": "1971-08-10",
        "numero_bastidor": "Kid develop list.",
        "tipo_inspeccion": "PE",
        "remolque": false,
        "tipo_pago": "TA",
        "fecha_propuesta": "2024-03-28",
        "hora_propuesta": "04:20:46"
    }
},
{
    "model": "ITV.cita",
    "pk": 13,
    "fields": {
        "cliente": 12,
        "estacion": 4,
        "matricula": "Point.",
        "fecha_matriculacion": "1971-04-06",
        "numero_bastidor": "Or similar care.",
        "tipo_inspeccion": "VETAX",
        "remolque": false,
        "tipo_pago": "EF",
        "fecha_propuesta": "2024-08-20",
        "hora_propuesta": "20:51:50"
    }
},
{
    "model": "ITV.cita",
    "pk": 14,
    "fields": {
        "cliente": 15,
        "estacion": 12,
        "matricula": "To.",
        "fecha_matriculacion": "1991-11-14",
        "numero_bastidor": "Artist.",
        "tipo_inspeccion": "NOPE",
        "remolque": false,
        "tipo_pago": "EF",
        "fecha_propuesta": "2012-10-23",
        "hora_propuesta": "14:31:07"
    }
},
{
    "model": "ITV.cita",
    "pk": 15,
    "fields": {
        "cliente": 15,
        "estacion": 13,
        "matricula": "Fast.",
        "fecha_matriculacion": "1989-04-26",
        "numero_bastidor": "Mean sort.",
        "tipo_inspeccion": "VETAX",
        "remolque": false,
        "tipo_pago": "EF",
        "fecha_propuesta": "2020-08-14",
        "hora_propuesta": "07:31:56"
    }
},
{
    "model": "ITV.cita",
    "pk": 16,
    "fields": {
        "cliente": 16,
        "estacion": 2,
        "matricula": "7212KPR",
        "fecha_matriculacion": "2025-01-01",
        "numero_bastidor": "124124",
        "tipo_inspeccion": "PE",
        "remolque": true,
        "tipo_pago": "TA",
        "fecha_propuesta": "2025-01-01",
        "hora_propuesta": "14:51:00"
    }
},
{
    "model": "ITV.empresaexterna",
    "pk": 1,
    "fields": {
        "nombre": "Discuss computer past brother deal can cultural.",
        "municipio": "Forward billion answer.",
        "coste": 0.8437704133511906,
        "cif": "Travel your."
    }
},
{
    "model": "ITV.empresaexterna",
    "pk": 2,
    "fields": {
        "nombre": "Along player year voice.",
        "municipio": "None stuff allow activity.",
        "coste": 0.323028024481366,
        "cif": "Budget night."
    }
},
{
    "model": "ITV.empresaexterna",
    "pk": 3,
    "fields": {
        "nombre": "She dream run collection we.",
        "municipio": "Senior read ahead.",
        "coste": 0.5626032296846772,
        "cif": "Task manage."
    }
},
{
    "model": "ITV.empresaexterna",
    "pk": 4,
    "fields": {
        "nombre": "Too force within agreement affect song.",
        "municipio": "Thousand next teacher just. Hope choose state.",
        "coste": 0.2782568733852926,
        "cif": "Manager."
    }
},
{
    "model": "ITV.empresaexterna",
    "pk": 5,
    "fields": {
        "nombre": "Respond car animal though others.",
        "municipio": "Us cover best indeed picture bed customer.",
        "coste": 0.6792797880406184,
        "cif": "Body rather."
    }
},
{
    "model": "ITV.empresaexterna",
    "pk": 6,
    "fields": {
        "nombre": "Nature range front discussion.",
        "municipio": "Perform moment score culture way hit.",
        "coste": 0.6310305621747004,
        "cif": "Practice care."
    }
},
{
    "model": "ITV.empresaexterna",
    "pk": 7,
    "fields": {
        "nombre": "Middle wind table.",
        "municipio": "From magazine pressure consider watch will.",
        "coste": 0.38147573895364106,
        "cif": "Where half."
    }
},
{
    "model": "ITV.empresaexterna",
    "pk": 8,
    "fields": {
        "nombre": "Above picture him sport head mean.",
        "municipio": "Voice even time sister large responsibility.",
        "coste": 0.11933079168608873,
        "cif": "Test center."
    }
},
{
    "model": "ITV.empresaexterna",
    "pk": 9,
    "fields": {
        "nombre": "State ready mind car card family much.",
        "municipio": "Just really model.",
        "coste": 0.5233201872742586,
        "cif": "Training miss."
    }
},
{
    "model": "ITV.empresaexterna",
    "pk": 10,
    "fields": {
        "nombre": "Yeah design bring pass event accept.",
        "municipio": "Simple white college product able million day.",
        "coste": 0.11492324405937593,
        "cif": "Head strong."
    }
},
{
    "model": "ITV.empresaexterna",
    "pk": 11,
    "fields": {
        "nombre": "Within call management away care rule including.",
        "municipio": "Administration central again finally.",
        "coste": 0.31568253759939113,
        "cif": "Follow respond."
    }
},
{
    "model": "ITV.empresaexterna",
    "pk": 12,
    "fields": {
        "nombre": "Throughout quickly deal part determine less.",
        "municipio": "Weight both often hair.",
        "coste": 0.3447885274566067,
        "cif": "Sport such."
    }
},
{
    "model": "ITV.empresaexterna",
    "pk": 13,
    "fields": {
        "nombre": "Medical music one that theory first.",
        "municipio": "Decide rock factor try clear Mr writer.",
        "coste": 0.2577138547633052,
        "cif": "Job lay debate."
    }
},
{
    "model": "ITV.empresaexterna",
    "pk": 14,
    "fields": {
        "nombre": "Former remember age resource.",
        "municipio": "Management box consider.",
        "coste": 0.7574375568651139,
        "cif": "News executive."
    }
},
{
    "model": "ITV.empresaexterna",
    "pk": 15,
    "fields": {
        "nombre": "Board notice interview save ten high point.",
        "municipio": "Grow bar possible lose clearly economy he.",
        "coste": 0.8600886461634728,
        "cif": "International."
    }
},
{
    "model": "ITV.maquinaria",
    "pk": 1,
    "fields": {
        "iestacionItv": 14,
        "idmpresaExterna": 12,
        "nombre": "Mouth affect case usually.",
        "tipo": "DI",
        "ultimo_mantenimiento": "1985-05-23",
        "funcionando": true
    }
},
{
    "model": "ITV.maquinaria",
    "pk": 2,
    "fields": {
        "iestacionItv": 13,
        "idmpresaExterna": 3,
        "nombre": "Number let they year if level.",
        "tipo": "FR",
        "ultimo_mantenimiento": "2016-05-05",
        "funcionando": true
    }
},
{
    "model": "ITV.maquinaria",
    "pk": 3,
    "fields": {
        "iestacionItv": 15,
        "idmpresaExterna": 13,
        "nombre": "Down two clear.",
        "tipo": "DI",
        "ultimo_mantenimiento": "2016-05-07",
        "funcionando": true
    }
},
{
    "model": "ITV.maquinaria",
    "pk": 4,
    "fields": {
        "iestacionItv": 14,
        "idmpresaExterna": 9,
        "nombre": "Else service account while design.",
        "tipo": "FR",
        "ultimo_mantenimiento": "2008-12-08",
        "funcionando": true
    }
},
{
    "model": "ITV.maquinaria",
    "pk": 5,
    "fields": {
        "iestacionItv": 8,
        "idmpresaExterna": 15,
        "nombre": "If month special daughter trouble language.",
        "tipo": "FR",
        "ultimo_mantenimiento": "2016-03-05",
        "funcionando": true
    }
},
{
    "model": "ITV.maquinaria",
    "pk": 6,
    "fields": {
        "iestacionItv": 10,
        "idmpresaExterna": 6,
        "nombre": "Evening leader direction meeting rule.",
        "tipo": "FR",
        "ultimo_mantenimiento": "2018-07-05",
        "funcionando": true
    }
},
{
    "model": "ITV.maquinaria",
    "pk": 7,
    "fields": {
        "iestacionItv": 4,
        "idmpresaExterna": 11,
        "nombre": "Its as show mean ten soldier new.",
        "tipo": "DI",
        "ultimo_mantenimiento": "1981-09-14",
        "funcionando": true
    }
},
{
    "model": "ITV.maquinaria",
    "pk": 8,
    "fields": {
        "iestacionItv": 2,
        "idmpresaExterna": 3,
        "nombre": "College quite gas among simply partner water.",
        "tipo": "",
        "ultimo_mantenimiento": "2017-06-19",
        "funcionando": true
    }
},
{
    "model": "ITV.maquinaria",
    "pk": 9,
    "fields": {
        "iestacionItv": 2,
        "idmpresaExterna": 9,
        "nombre": "Lawyer manager actually increase rock short.",
        "tipo": "FR",
        "ultimo_mantenimiento": "1978-10-05",
        "funcionando": true
    }
},
{
    "model": "ITV.maquinaria",
    "pk": 10,
    "fields": {
        "iestacionItv": 3,
        "idmpresaExterna": 5,
        "nombre": "Your surface yes wait.",
        "tipo": "",
        "ultimo_mantenimiento": "1992-09-09",
        "funcionando": true
    }
},
{
    "model": "ITV.maquinaria",
    "pk": 11,
    "fields": {
        "iestacionItv": 15,
        "idmpresaExterna": 7,
        "nombre": "System paper trade edge deep build.",
        "tipo": "EM",
        "ultimo_mantenimiento": "2001-09-19",
        "funcionando": true
    }
},
{
    "model": "ITV.maquinaria",
    "pk": 12,
    "fields": {
        "iestacionItv": 14,
        "idmpresaExterna": 2,
        "nombre": "Truth might phone.",
        "tipo": "EM",
        "ultimo_mantenimiento": "2009-01-07",
        "funcionando": true
    }
},
{
    "model": "ITV.maquinaria",
    "pk": 13,
    "fields": {
        "iestacionItv": 14,
        "idmpresaExterna": 4,
        "nombre": "Fly simply run.",
        "tipo": "",
        "ultimo_mantenimiento": "2001-11-11",
        "funcionando": true
    }
},
{
    "model": "ITV.maquinaria",
    "pk": 14,
    "fields": {
        "iestacionItv": 7,
        "idmpresaExterna": 7,
        "nombre": "Some inside tell along never such.",
        "tipo": "",
        "ultimo_mantenimiento": "2018-05-03",
        "funcionando": true
    }
},
{
    "model": "ITV.maquinaria",
    "pk": 15,
    "fields": {
        "iestacionItv": 4,
        "idmpresaExterna": 11,
        "nombre": "Box amount region argue main.",
        "tipo": "FR",
        "ultimo_mantenimiento": "1990-02-11",
        "funcionando": true
    }
},
{
    "model": "ITV.trabajador",
    "pk": 1,
    "fields": {
        "usuario": 13,
        "email": "hburns@example.net",
        "nombre": "Always man wait safe stop fall score.",
        "apellidos": "After hour mouth during past.",
        "puesto": "",
        "sueldo": 0.07267151530112026,
        "observaciones": "Weight action could leg look. Accept build sing myself remember scientist within. Chance many scene responsibility because.",
        "estacion": [
            3,
            9
        ]
    }
},
{
    "model": "ITV.trabajador",
    "pk": 2,
    "fields": {
        "usuario": 10,
        "email": "milleraaron@example.com",
        "nombre": "Provide news camera three suggest social.",
        "apellidos": "Relationship west sell some quality.",
        "puesto": "DI",
        "sueldo": 0.6394640613234168,
        "observaciones": "Bed sister school door food.\nNew room forget practice least explain card. Very mouth safe light. Population rule professor assume father technology.",
        "estacion": [
            3,
            8
        ]
    }
},
{
    "model": "ITV.trabajador",
    "pk": 3,
    "fields": {
        "usuario": 7,
        "email": "seanarroyo@example.net",
        "nombre": "Very these human water trouble.",
        "apellidos": "Every art word small politics stay prove price.",
        "puesto": "EM",
        "sueldo": 0.698000840138195,
        "observaciones": "Claim Congress various argue science. Age recognize the name reflect friend example.\nDecide stock high have sing even should. House real factor he authority produce.",
        "estacion": [
            5
        ]
    }
},
{
    "model": "ITV.trabajador",
    "pk": 4,
    "fields": {
        "usuario": 5,
        "email": "ramirezkevin@example.org",
        "nombre": "Today might floor wait purpose none decision.",
        "apellidos": "Arm health film. Third common bad certainly firm.",
        "puesto": "",
        "sueldo": 0.027660873474596004,
        "observaciones": "Response pull lawyer full born market. Include fill various challenge policy bar. Traditional check smile former citizen.",
        "estacion": [
            11,
            15
        ]
    }
},
{
    "model": "ITV.trabajador",
    "pk": 5,
    "fields": {
        "usuario": 15,
        "email": "nwashington@example.com",
        "nombre": "Place year agree film.",
        "apellidos": "Dream Congress similar.",
        "puesto": "DI",
        "sueldo": 0.6272167116958867,
        "observaciones": "Response gas camera yeah change grow maintain. Any edge chair focus focus. Add because performance situation news.",
        "estacion": [
            6
        ]
    }
},
{
    "model": "ITV.trabajador",
    "pk": 6,
    "fields": {
        "usuario": 2,
        "email": "kayla91@example.com",
        "nombre": "Doctor current program enjoy.",
        "apellidos": "Commercial test middle which now sure summer.",
        "puesto": "DI",
        "sueldo": 0.9214261082385442,
        "observaciones": "Raise east although hotel friend. Son price participant sense book. Thing wide back themselves course let.",
        "estacion": [
            1,
            11
        ]
    }
},
{
    "model": "ITV.trabajador",
    "pk": 7,
    "fields": {
        "usuario": 14,
        "email": "sandra66@example.org",
        "nombre": "Radio adult their allow method word media.",
        "apellidos": "Bed as fast mother director natural.",
        "puesto": "DI",
        "sueldo": 0.9887514222194216,
        "observaciones": "Old when rise couple. Total yourself upon rock. Campaign Democrat old around reveal political finally.\nPolitical speech environment. Cultural visit point during sell require.\nAt speech sell well.",
        "estacion": [
            8,
            10,
            11,
            15
        ]
    }
},
{
    "model": "ITV.trabajador",
    "pk": 8,
    "fields": {
        "usuario": 3,
        "email": "peterrodriguez@example.net",
        "nombre": "Design exactly reveal.",
        "apellidos": "Anything professional result.",
        "puesto": "FR",
        "sueldo": 0.39028816628854646,
        "observaciones": "Specific skin throughout kid clear. Way purpose century moment. Mission seek figure country real risk court.",
        "estacion": [
            4
        ]
    }
},
{
    "model": "ITV.trabajador",
    "pk": 9,
    "fields": {
        "usuario": 11,
        "email": "jackmcgrath@example.org",
        "nombre": "Rate others treatment cell.",
        "apellidos": "Too open present traditional practice home.",
        "puesto": "EM",
        "sueldo": 0.26035599064642356,
        "observaciones": "Loss myself recent window executive north sometimes rich. Word one who ago.\nPut yard so ball room security part service. To physical staff power thousand quickly. Task place fly throw stage shake.",
        "estacion": [
            1,
            9,
            11
        ]
    }
},
{
    "model": "ITV.trabajador",
    "pk": 10,
    "fields": {
        "usuario": 6,
        "email": "cliu@example.org",
        "nombre": "Or defense fill discussion recently despite.",
        "apellidos": "Represent real change report place.",
        "puesto": "FR",
        "sueldo": 0.882728229445228,
        "observaciones": "Start late business maybe church. Find attack teacher along water return whose strategy.\nLive debate property small. Reason stand create stand a most short. Actually total none manage ok it spring.",
        "estacion": [
            13
        ]
    }
},
{
    "model": "ITV.trabajador",
    "pk": 11,
    "fields": {
        "usuario": 8,
        "email": "fitzpatrickelizabeth@example.com",
        "nombre": "Education name whom also garden.",
        "apellidos": "Price oil can unit until experience.",
        "puesto": "",
        "sueldo": 0.975581747801018,
        "observaciones": "Audience medical property shoulder figure bill.\nLittle vote thought imagine voice. Small allow star another although most. Interesting first art room actually physical step.",
        "estacion": [
            2,
            9,
            12,
            13
        ]
    }
},
{
    "model": "ITV.trabajador",
    "pk": 12,
    "fields": {
        "usuario": 1,
        "email": "ununez@example.org",
        "nombre": "President school war individual face not.",
        "apellidos": "Score alone expert my lay carry.",
        "puesto": "FR",
        "sueldo": 0.2636637013765899,
        "observaciones": "He something address including wind point there put. Guy employee wait radio on. Statement spring imagine commercial rich tend show probably.",
        "estacion": [
            11
        ]
    }
},
{
    "model": "ITV.trabajador",
    "pk": 13,
    "fields": {
        "usuario": 9,
        "email": "swoods@example.org",
        "nombre": "Born difference until sometimes respond of.",
        "apellidos": "Ahead camera paper mind.",
        "puesto": "EM",
        "sueldo": 0.31510253863402604,
        "observaciones": "Contain face network while. Artist have share night. Campaign tree thousand kid watch name.\nHe its area plant. Ten yeah plant process society. Few people which claim meeting degree a relate.",
        "estacion": [
            5,
            6,
            11,
            15
        ]
    }
},
{
    "model": "ITV.trabajador",
    "pk": 14,
    "fields": {
        "usuario": 12,
        "email": "sylvia58@example.net",
        "nombre": "Whole example song edge air friend small radio.",
        "apellidos": "Statement center none drive study suffer.",
        "puesto": "EM",
        "sueldo": 0.2643281444839798,
        "observaciones": "Than bring important spring at. Give case shoulder last produce can during I. Respond pay through garden but. Start cup parent animal return.",
        "estacion": [
            1,
            4,
            9,
            15
        ]
    }
},
{
    "model": "ITV.trabajador",
    "pk": 15,
    "fields": {
        "usuario": 4,
        "email": "wmitchell@example.net",
        "nombre": "Skin respond audience religious evening item.",
        "apellidos": "Listen course however represent apply the.",
        "puesto": "FR",
        "sueldo": 0.493806030923162,
        "observaciones": "Ago American south oil Mrs build attack record. Sing protect culture site choose. Near heart trial three purpose.",
        "estacion": [
            3
        ]
    }
},
{
    "model": "ITV.trabajador",
    "pk": 16,
    "fields": {
        "usuario": 18,
        "email": "",
        "nombre": "",
        "apellidos": null,
        "puesto": "EM",
        "sueldo": null,
        "observaciones": null,
        "estacion": []
    }
},
{
    "model": "ITV.trabajador",
    "pk": 17,
    "fields": {
        "usuario": 19,
        "email": "",
        "nombre": "",
        "apellidos": null,
        "puesto": "DI",
        "sueldo": null,
        "observaciones": null,
        "estacion": []
    }
},
{
    "model": "ITV.vehiculo",
    "pk": 1,
    "fields": {
        "propietario": 3,
        "fecha_matriculacion": "2012-05-31",
        "marca": "Book age manage control ten.",
        "modelo": "Pick shoulder model stuff leave late without.",
        "numero_bastidor": "Company once.",
        "tipo_vehiculo": "tracto",
        "cilindrada": -30269,
        "potencia": 6003,
        "combustible": "gpl",
        "mma": 24895,
        "asientos": 24442,
        "ejes": 19484,
        "dni_propietario": "Woman.",
        "matricula": "Lose."
    }
},
{
    "model": "ITV.vehiculo",
    "pk": 2,
    "fields": {
        "propietario": 12,
        "fecha_matriculacion": "2023-12-10",
        "marca": "Suffer defense live war than.",
        "modelo": "Suggest outside than another talk laugh.",
        "numero_bastidor": "Personal class.",
        "tipo_vehiculo": "moto",
        "cilindrada": 3956,
        "potencia": 13017,
        "combustible": "gnv",
        "mma": 25333,
        "asientos": 7662,
        "ejes": 31016,
        "dni_propietario": "Skin.",
        "matricula": "Answer."
    }
},
{
    "model": "ITV.vehiculo",
    "pk": 3,
    "fields": {
        "propietario": 13,
        "fecha_matriculacion": "1982-06-21",
        "marca": "With lot business two thank important animal.",
        "modelo": "Society miss their down away as.",
        "numero_bastidor": "Be adult chance.",
        "tipo_vehiculo": "tracto",
        "cilindrada": -16094,
        "potencia": -15943,
        "combustible": "die",
        "mma": 19774,
        "asientos": 14874,
        "ejes": 15956,
        "dni_propietario": "Suddenly.",
        "matricula": "Know."
    }
},
{
    "model": "ITV.vehiculo",
    "pk": 4,
    "fields": {
        "propietario": 8,
        "fecha_matriculacion": "1980-06-02",
        "marca": "Adult attorney bring both my difference case.",
        "modelo": "Life both agree everything station give national.",
        "numero_bastidor": "Adult college.",
        "tipo_vehiculo": "moto",
        "cilindrada": -30994,
        "potencia": -18897,
        "combustible": "gpl",
        "mma": 6377,
        "asientos": 16218,
        "ejes": 31844,
        "dni_propietario": "How new.",
        "matricula": "Head."
    }
},
{
    "model": "ITV.vehiculo",
    "pk": 5,
    "fields": {
        "propietario": 1,
        "fecha_matriculacion": "1991-06-29",
        "marca": "All agency theory financial.",
        "modelo": "Operation star true woman challenge door.",
        "numero_bastidor": "Federal night.",
        "tipo_vehiculo": "furg",
        "cilindrada": 12258,
        "potencia": 2211,
        "combustible": "ele",
        "mma": 32596,
        "asientos": 19266,
        "ejes": 13378,
        "dni_propietario": "Culture.",
        "matricula": "Again."
    }
},
{
    "model": "ITV.vehiculo",
    "pk": 6,
    "fields": {
        "propietario": 5,
        "fecha_matriculacion": "2020-04-28",
        "marca": "Dinner fill structure box you.",
        "modelo": "Power color practice once.",
        "numero_bastidor": "Born painting.",
        "tipo_vehiculo": "tracto",
        "cilindrada": 2179,
        "potencia": -31365,
        "combustible": "hib",
        "mma": 11102,
        "asientos": 24021,
        "ejes": 22104,
        "dni_propietario": "Mission.",
        "matricula": "Civil."
    }
},
{
    "model": "ITV.vehiculo",
    "pk": 7,
    "fields": {
        "propietario": 1,
        "fecha_matriculacion": "2013-01-11",
        "marca": "Boy always number.",
        "modelo": "Sea without kitchen.",
        "numero_bastidor": "Major president.",
        "tipo_vehiculo": "quad",
        "cilindrada": -13117,
        "potencia": 17300,
        "combustible": "hib",
        "mma": 20377,
        "asientos": 32265,
        "ejes": 11326,
        "dni_propietario": "Arrive.",
        "matricula": "Mouth."
    }
},
{
    "model": "ITV.vehiculo",
    "pk": 8,
    "fields": {
        "propietario": 11,
        "fecha_matriculacion": "2010-04-25",
        "marca": "Pass explain I us cup. Interview me maybe church.",
        "modelo": "Begin successful my do.",
        "numero_bastidor": "Natural young.",
        "tipo_vehiculo": "moto",
        "cilindrada": 11036,
        "potencia": -16382,
        "combustible": "gpl",
        "mma": 18173,
        "asientos": 32190,
        "ejes": 16119,
        "dni_propietario": "Soon may.",
        "matricula": "Break."
    }
},
{
    "model": "ITV.vehiculo",
    "pk": 9,
    "fields": {
        "propietario": 10,
        "fecha_matriculacion": "2024-11-21",
        "marca": "Morning family hundred interesting scientist art.",
        "modelo": "Culture white same matter development.",
        "numero_bastidor": "Role sell trial.",
        "tipo_vehiculo": "bus",
        "cilindrada": -32315,
        "potencia": 21061,
        "combustible": "gas",
        "mma": 17180,
        "asientos": 11710,
        "ejes": 13506,
        "dni_propietario": "Know any.",
        "matricula": "Song."
    }
},
{
    "model": "ITV.vehiculo",
    "pk": 10,
    "fields": {
        "propietario": 10,
        "fecha_matriculacion": "1994-12-17",
        "marca": "Research beautiful sound even.",
        "modelo": "Relate reality you above.",
        "numero_bastidor": "Weight while.",
        "tipo_vehiculo": "cam",
        "cilindrada": -28803,
        "potencia": 18629,
        "combustible": "gpl",
        "mma": 8231,
        "asientos": 21365,
        "ejes": 8106,
        "dni_propietario": "Health.",
        "matricula": "Little."
    }
},
{
    "model": "ITV.vehiculo",
    "pk": 11,
    "fields": {
        "propietario": 4,
        "fecha_matriculacion": "1971-03-16",
        "marca": "Design manager others page watch.",
        "modelo": "Office building election style kind.",
        "numero_bastidor": "West conference.",
        "tipo_vehiculo": "quad",
        "cilindrada": 25211,
        "potencia": -26906,
        "combustible": "hib",
        "mma": 13406,
        "asientos": 30075,
        "ejes": 23408,
        "dni_propietario": "Weight.",
        "matricula": "Force."
    }
},
{
    "model": "ITV.vehiculo",
    "pk": 12,
    "fields": {
        "propietario": 8,
        "fecha_matriculacion": "2007-11-27",
        "marca": "Treat whom stuff.",
        "modelo": "Whatever project both nature.",
        "numero_bastidor": "Father art.",
        "tipo_vehiculo": "moto",
        "cilindrada": -26600,
        "potencia": 25846,
        "combustible": "hib",
        "mma": 10739,
        "asientos": 18142,
        "ejes": 17021,
        "dni_propietario": "Off.",
        "matricula": "Even."
    }
},
{
    "model": "ITV.vehiculo",
    "pk": 13,
    "fields": {
        "propietario": 8,
        "fecha_matriculacion": "2005-09-21",
        "marca": "Hospital protect man tend well six.",
        "modelo": "Say imagine those.",
        "numero_bastidor": "Write something.",
        "tipo_vehiculo": "quad",
        "cilindrada": -22277,
        "potencia": 10365,
        "combustible": "gnv",
        "mma": 14506,
        "asientos": 4880,
        "ejes": 21303,
        "dni_propietario": "Place.",
        "matricula": "Impact."
    }
},
{
    "model": "ITV.vehiculo",
    "pk": 14,
    "fields": {
        "propietario": 12,
        "fecha_matriculacion": "2021-10-15",
        "marca": "Wear baby protect control experience.",
        "modelo": "Produce western article partner family picture.",
        "numero_bastidor": "Available.",
        "tipo_vehiculo": "quad",
        "cilindrada": -5350,
        "potencia": -19162,
        "combustible": "die",
        "mma": 26168,
        "asientos": 14429,
        "ejes": 1261,
        "dni_propietario": "Wait.",
        "matricula": "Bed no."
    }
},
{
    "model": "ITV.vehiculo",
    "pk": 15,
    "fields": {
        "propietario": 2,
        "fecha_matriculacion": "2015-12-22",
        "marca": "Light wind word chance.",
        "modelo": "Game behind responsibility such outside.",
        "numero_bastidor": "Represent chair.",
        "tipo_vehiculo": "tracto",
        "cilindrada": 21948,
        "potencia": 28910,
        "combustible": "ele",
        "mma": 25562,
        "asientos": 9703,
        "ejes": 4886,
        "dni_propietario": "Stage.",
        "matricula": "Skin."
    }
},
{
    "model": "ITV.inspeccion",
    "pk": 1,
    "fields": {
        "trabajador": 15,
        "vehiculo": 1,
        "fecha_inspeccion": "2025-01-19",
        "resultado_inspeccion": "",
        "notas_inspeccion": "",
        "cliente_puntual": true
    }
},
{
    "model": "ITV.inspeccion",
    "pk": 2,
    "fields": {
        "trabajador": 14,
        "vehiculo": 1,
        "fecha_inspeccion": "2025-01-19",
        "resultado_inspeccion": "",
        "notas_inspeccion": "",
        "cliente_puntual": true
    }
},
{
    "model": "ITV.inspeccion",
    "pk": 3,
    "fields": {
        "trabajador": 7,
        "vehiculo": 1,
        "fecha_inspeccion": "2025-01-19",
        "resultado_inspeccion": "",
        "notas_inspeccion": "",
        "cliente_puntual": true
    }
},
{
    "model": "ITV.inspeccion",
    "pk": 4,
    "fields": {
        "trabajador": 4,
        "vehiculo": 1,
        "fecha_inspeccion": "2025-01-19",
        "resultado_inspeccion": "",
        "notas_inspeccion": "",
        "cliente_puntual": true
    }
},
{
    "model": "ITV.inspeccion",
    "pk": 5,
    "fields": {
        "trabajador": 4,
        "vehiculo": 2,
        "fecha_inspeccion": "2025-01-19",
        "resultado_inspeccion": "",
        "notas_inspeccion": "",
        "cliente_puntual": true
    }
},
{
    "model": "ITV.inspeccion",
    "pk": 6,
    "fields": {
        "trabajador": 10,
        "vehiculo": 3,
        "fecha_inspeccion": "2025-01-19",
        "resultado_inspeccion": "",
        "notas_inspeccion": "",
        "cliente_puntual": true
    }
},
{
    "model": "ITV.inspeccion",
    "pk": 7,
    "fields": {
        "trabajador": 2,
        "vehiculo": 3,
        "fecha_inspeccion": "2025-01-19",
        "resultado_inspeccion": "",
        "notas_inspeccion": "",
        "cliente_puntual": true
    }
},
{
    "model": "ITV.inspeccion",
    "pk": 8,
    "fields": {
        "trabajador": 6,
        "vehiculo": 4,
        "fecha_inspeccion": "2025-01-19",
        "resultado_inspeccion": "",
        "notas_inspeccion": "",
        "cliente_puntual": true
    }
},
{
    "model": "ITV.inspeccion",
    "pk": 9,
    "fields": {
        "trabajador": 5,
        "vehiculo": 4,
        "fecha_inspeccion": "2025-01-19",
        "resultado_inspeccion": "",
        "notas_inspeccion": "",
        "cliente_puntual": true
    }
},
{
    "model": "ITV.inspeccion",
    "pk": 10,
    "fields": {
        "trabajador": 9,
        "vehiculo": 4,
        "fecha_inspeccion": "2025-01-19",
        "resultado_inspeccion": "",
        "notas_inspeccion": "",
        "cliente_puntual": true
    }
},
{
    "model": "ITV.inspeccion",
    "pk": 11,
    "fields": {
        "trabajador": 12,
        "vehiculo": 5,
        "fecha_inspeccion": "2025-01-19",
        "resultado_inspeccion": "",
        "notas_inspeccion": "",
        "cliente_puntual": true
    }
},
{
    "model": "ITV.inspeccion",
    "pk": 12,
    "fields": {
        "trabajador": 14,
        "vehiculo": 5,
        "fecha_inspeccion": "2025-01-19",
        "resultado_inspeccion": "",
        "notas_inspeccion": "",
        "cliente_puntual": true
    }
},
{
    "model": "ITV.inspeccion",
    "pk": 13,
    "fields": {
        "trabajador": 15,
        "vehiculo": 6,
        "fecha_inspeccion": "2025-01-19",
        "resultado_inspeccion": "",
        "notas_inspeccion": "",
        "cliente_puntual": true
    }
},
{
    "model": "ITV.inspeccion",
    "pk": 14,
    "fields": {
        "trabajador": 7,
        "vehiculo": 6,
        "fecha_inspeccion": "2025-01-19",
        "resultado_inspeccion": "",
        "notas_inspeccion": "",
        "cliente_puntual": true
    }
},
{
    "model": "ITV.inspeccion",
    "pk": 15,
    "fields": {
        "trabajador": 8,
        "vehiculo": 6,
        "fecha_inspeccion": "2025-01-19",
        "resultado_inspeccion": "",
        "notas_inspeccion": "",
        "cliente_puntual": true
    }
},
{
    "model": "ITV.inspeccion",
    "pk": 16,
    "fields": {
        "trabajador": 9,
        "vehiculo": 6,
        "fecha_inspeccion": "2025-01-19",
        "resultado_inspeccion": "",
        "notas_inspeccion": "",
        "cliente_puntual": true
    }
},
{
    "model": "ITV.inspeccion",
    "pk": 17,
    "fields": {
        "trabajador": 14,
        "vehiculo": 7,
        "fecha_inspeccion": "2025-01-19",
        "resultado_inspeccion": "",
        "notas_inspeccion": "",
        "cliente_puntual": true
    }
},
{
    "model": "ITV.inspeccion",
    "pk": 18,
    "fields": {
        "trabajador": 1,
        "vehiculo": 8,
        "fecha_inspeccion": "2025-01-19",
        "resultado_inspeccion": "",
        "notas_inspeccion": "",
        "cliente_puntual": true
    }
},
{
    "model": "ITV.inspeccion",
    "pk": 19,
    "fields": {
        "trabajador": 4,
        "vehiculo": 8,
        "fecha_inspeccion": "2025-01-19",
        "resultado_inspeccion": "",
        "notas_inspeccion": "",
        "cliente_puntual": true
    }
},
{
    "model": "ITV.inspeccion",
    "pk": 20,
    "fields": {
        "trabajador": 7,
        "vehiculo": 9,
        "fecha_inspeccion": "2025-01-19",
        "resultado_inspeccion": "",
        "notas_inspeccion": "",
        "cliente_puntual": true
    }
},
{
    "model": "ITV.inspeccion",
    "pk": 21,
    "fields": {
        "trabajador": 12,
        "vehiculo": 9,
        "fecha_inspeccion": "2025-01-19",
        "resultado_inspeccion": "",
        "notas_inspeccion": "",
        "cliente_puntual": true
    }
},
{
    "model": "ITV.inspeccion",
    "pk": 22,
    "fields": {
        "trabajador": 10,
        "vehiculo": 9,
        "fecha_inspeccion": "2025-01-19",
        "resultado_inspeccion": "",
        "notas_inspeccion": "",
        "cliente_puntual": true
    }
},
{
    "model": "ITV.inspeccion",
    "pk": 23,
    "fields": {
        "trabajador": 13,
        "vehiculo": 10,
        "fecha_inspeccion": "2025-01-19",
        "resultado_inspeccion": "",
        "notas_inspeccion": "",
        "cliente_puntual": true
    }
},
{
    "model": "ITV.inspeccion",
    "pk": 24,
    "fields": {
        "trabajador": 15,
        "vehiculo": 10,
        "fecha_inspeccion": "2025-01-19",
        "resultado_inspeccion": "",
        "notas_inspeccion": "",
        "cliente_puntual": true
    }
},
{
    "model": "ITV.inspeccion",
    "pk": 25,
    "fields": {
        "trabajador": 10,
        "vehiculo": 10,
        "fecha_inspeccion": "2025-01-19",
        "resultado_inspeccion": "",
        "notas_inspeccion": "",
        "cliente_puntual": true
    }
},
{
    "model": "ITV.inspeccion",
    "pk": 26,
    "fields": {
        "trabajador": 8,
        "vehiculo": 11,
        "fecha_inspeccion": "2025-01-19",
        "resultado_inspeccion": "",
        "notas_inspeccion": "",
        "cliente_puntual": true
    }
},
{
    "model": "ITV.inspeccion",
    "pk": 27,
    "fields": {
        "trabajador": 12,
        "vehiculo": 11,
        "fecha_inspeccion": "2025-01-19",
        "resultado_inspeccion": "",
        "notas_inspeccion": "",
        "cliente_puntual": true
    }
},
{
    "model": "ITV.inspeccion",
    "pk": 28,
    "fields": {
        "trabajador": 1,
        "vehiculo": 12,
        "fecha_inspeccion": "2025-01-19",
        "resultado_inspeccion": "",
        "notas_inspeccion": "",
        "cliente_puntual": true
    }
},
{
    "model": "ITV.inspeccion",
    "pk": 29,
    "fields": {
        "trabajador": 4,
        "vehiculo": 12,
        "fecha_inspeccion": "2025-01-19",
        "resultado_inspeccion": "",
        "notas_inspeccion": "",
        "cliente_puntual": true
    }
},
{
    "model": "ITV.inspeccion",
    "pk": 30,
    "fields": {
        "trabajador": 14,
        "vehiculo": 12,
        "fecha_inspeccion": "2025-01-19",
        "resultado_inspeccion": "",
        "notas_inspeccion": "",
        "cliente_puntual": true
    }
},
{
    "model": "ITV.inspeccion",
    "pk": 31,
    "fields": {
        "trabajador": 8,
        "vehiculo": 12,
        "fecha_inspeccion": "2025-01-19",
        "resultado_inspeccion": "",
        "notas_inspeccion": "",
        "cliente_puntual": true
    }
},
{
    "model": "ITV.inspeccion",
    "pk": 32,
    "fields": {
        "trabajador": 12,
        "vehiculo": 13,
        "fecha_inspeccion": "2025-01-19",
        "resultado_inspeccion": "",
        "notas_inspeccion": "",
        "cliente_puntual": true
    }
},
{
    "model": "ITV.inspeccion",
    "pk": 33,
    "fields": {
        "trabajador": 6,
        "vehiculo": 13,
        "fecha_inspeccion": "2025-01-19",
        "resultado_inspeccion": "",
        "notas_inspeccion": "",
        "cliente_puntual": true
    }
},
{
    "model": "ITV.inspeccion",
    "pk": 34,
    "fields": {
        "trabajador": 7,
        "vehiculo": 14,
        "fecha_inspeccion": "2025-01-19",
        "resultado_inspeccion": "",
        "notas_inspeccion": "",
        "cliente_puntual": true
    }
},
{
    "model": "ITV.inspeccion",
    "pk": 35,
    "fields": {
        "trabajador": 1,
        "vehiculo": 15,
        "fecha_inspeccion": "2025-01-19",
        "resultado_inspeccion": "",
        "notas_inspeccion": "",
        "cliente_puntual": true
    }
},
{
    "model": "ITV.inspeccion",
    "pk": 36,
    "fields": {
        "trabajador": 6,
        "vehiculo": 15,
        "fecha_inspeccion": "2025-01-19",
        "resultado_inspeccion": "",
        "notas_inspeccion": "",
        "cliente_puntual": true
    }
},
{
    "model": "ITV.inspeccion",
    "pk": 37,
    "fields": {
        "trabajador": 15,
        "vehiculo": 5,
        "fecha_inspeccion": "2025-01-19",
        "resultado_inspeccion": "Ball free hour staff. Loss offer down anything wrong able also who.",
        "notas_inspeccion": "Painting structure soldier seem car story. Feeling activity drug. Area teach individual back state military beat by.",
        "cliente_puntual": true
    }
},
{
    "model": "ITV.inspeccion",
    "pk": 38,
    "fields": {
        "trabajador": 4,
        "vehiculo": 3,
        "fecha_inspeccion": "2025-01-19",
        "resultado_inspeccion": "Light fund audience grow high hospital factor.",
        "notas_inspeccion": "Well lot require another rich. Door perform television tend western. Sit type their must billion unit woman.\nMeasure yes leave find value participant. Own of job go author. Compare hit politics.",
        "cliente_puntual": true
    }
},
{
    "model": "ITV.inspeccion",
    "pk": 39,
    "fields": {
        "trabajador": 12,
        "vehiculo": 6,
        "fecha_inspeccion": "2025-01-19",
        "resultado_inspeccion": "Cut nation show arm. Arm onto happen husband less between throughout.",
        "notas_inspeccion": "Model heart off far middle behavior a.\nMain medical key while his laugh. From share green light stock week. Study grow western away through reach where perform.",
        "cliente_puntual": true
    }
},
{
    "model": "ITV.inspeccion",
    "pk": 40,
    "fields": {
        "trabajador": 8,
        "vehiculo": 3,
        "fecha_inspeccion": "2025-01-19",
        "resultado_inspeccion": "Kind factor where father appear. Build assume Congress. Impact lawyer job growth something fact.",
        "notas_inspeccion": "Prepare red under board wind professional magazine.\nNation lose popular perform wish. Return after dream ball wind bank those. It both employee.",
        "cliente_puntual": true
    }
},
{
    "model": "ITV.inspeccion",
    "pk": 41,
    "fields": {
        "trabajador": 1,
        "vehiculo": 15,
        "fecha_inspeccion": "2025-01-19",
        "resultado_inspeccion": "Country culture life cup. Part figure debate military face. Night own others go old receive.",
        "notas_inspeccion": "Use hear institution season other result raise. Purpose close report call reveal special case. Or better talk mother first about.",
        "cliente_puntual": true
    }
},
{
    "model": "ITV.inspeccion",
    "pk": 42,
    "fields": {
        "trabajador": 15,
        "vehiculo": 7,
        "fecha_inspeccion": "2025-01-19",
        "resultado_inspeccion": "Nice ground house bed. Ago nice position discuss mother half director. Task carry local.",
        "notas_inspeccion": "Those camera style myself. Five must purpose attorney tend. Section way scientist fire. Evidence garden commercial magazine place would recently health.\nManagement soldier walk help.",
        "cliente_puntual": true
    }
},
{
    "model": "ITV.inspeccion",
    "pk": 43,
    "fields": {
        "trabajador": 11,
        "vehiculo": 15,
        "fecha_inspeccion": "2025-01-19",
        "resultado_inspeccion": "Than with blood bed example your Mrs. Catch can animal market develop.",
        "notas_inspeccion": "Work compare economy quality. Face newspaper floor worker real huge. Far difficult letter along area. Next detail in story word true rock.",
        "cliente_puntual": true
    }
},
{
    "model": "ITV.inspeccion",
    "pk": 44,
    "fields": {
        "trabajador": 1,
        "vehiculo": 1,
        "fecha_inspeccion": "2025-01-19",
        "resultado_inspeccion": "Something decision past picture.",
        "notas_inspeccion": "Husband ready reality seven need out. Anyone service work visit story main cover begin. Have environment change hold fact energy.",
        "cliente_puntual": true
    }
},
{
    "model": "ITV.inspeccion",
    "pk": 45,
    "fields": {
        "trabajador": 10,
        "vehiculo": 9,
        "fecha_inspeccion": "2025-01-19",
        "resultado_inspeccion": "Machine million wonder who toward since race. Citizen artist guess.",
        "notas_inspeccion": "From clearly probably activity. I stuff business.\nTeach that wife source whom fast whether. General dream action world decision voice tonight thus.",
        "cliente_puntual": true
    }
},
{
    "model": "ITV.inspeccion",
    "pk": 46,
    "fields": {
        "trabajador": 14,
        "vehiculo": 11,
        "fecha_inspeccion": "2025-01-19",
        "resultado_inspeccion": "Take degree ten whether century.",
        "notas_inspeccion": "Catch soon explain marriage attack billion. Subject culture them beautiful. Space sound through general strategy pick room return.",
        "cliente_puntual": true
    }
},
{
    "model": "ITV.inspeccion",
    "pk": 47,
    "fields": {
        "trabajador": 11,
        "vehiculo": 11,
        "fecha_inspeccion": "2025-01-19",
        "resultado_inspeccion": "Early bag include. Style bill over across. Chance rule almost until or.",
        "notas_inspeccion": "Seat despite fish morning. Movie sister no later. Red should situation positive because. Trial thank reality tend likely teach.",
        "cliente_puntual": true
    }
},
{
    "model": "ITV.inspeccion",
    "pk": 48,
    "fields": {
        "trabajador": 4,
        "vehiculo": 8,
        "fecha_inspeccion": "2025-01-19",
        "resultado_inspeccion": "Base something smile his create. Determine series media sense.",
        "notas_inspeccion": "Go cover brother relationship painting. Few question world.\nSecond manager response it area. Hold war reason cause. Like certainly certain bring.",
        "cliente_puntual": true
    }
},
{
    "model": "ITV.inspeccion",
    "pk": 49,
    "fields": {
        "trabajador": 2,
        "vehiculo": 11,
        "fecha_inspeccion": "2025-01-19",
        "resultado_inspeccion": "Traditional help room meet treatment science.",
        "notas_inspeccion": "The space system thought star. Its whether pick peace produce service organization market. Finish crime ability hour community very.",
        "cliente_puntual": true
    }
},
{
    "model": "ITV.inspeccion",
    "pk": 50,
    "fields": {
        "trabajador": 5,
        "vehiculo": 5,
        "fecha_inspeccion": "2025-01-19",
        "resultado_inspeccion": "Drive four if.",
        "notas_inspeccion": "Hold road power determine interview early single cause. Trade part trouble mean position finally feeling of.\nSouthern summer dinner cover generation. Painting chance stuff American.",
        "cliente_puntual": true
    }
},
{
    "model": "ITV.inspeccion",
    "pk": 51,
    "fields": {
        "trabajador": 9,
        "vehiculo": 7,
        "fecha_inspeccion": "2025-01-19",
        "resultado_inspeccion": "Situation other response phone wind. War another commercial identify story market draw.",
        "notas_inspeccion": "Realize traditional matter mother forward suggest who. Crime wait stand position place. Meet piece structure hot kitchen.",
        "cliente_puntual": true
    }
},
{
    "model": "ITV.inspeccion",
    "pk": 52,
    "fields": {
        "trabajador": 4,
        "vehiculo": 2,
        "fecha_inspeccion": "2025-01-19",
        "resultado_inspeccion": "Resultado de prueba",
        "notas_inspeccion": "Nota de prueba",
        "cliente_puntual": true
    }
},
{
    "model": "ITV.factura",
    "pk": 1,
    "fields": {
        "inspeccion": 40,
        "importe": "0.05",
        "pagado": true,
        "fecha_emision_factura": "2025-01-19",
        "observaciones": "Challenge ability Republican politics treat rock travel. A age blood billion. Pick kid edge manager.\nSoldier trial agent performance. Save employee compare become truth. Laugh live none public."
    }
},
{
    "model": "ITV.factura",
    "pk": 2,
    "fields": {
        "inspeccion": 44,
        "importe": "0.14",
        "pagado": true,
        "fecha_emision_factura": "2025-01-19",
        "observaciones": "Wall help organization close film picture ten. Head attention news evening key around series capital.\nCountry study start very be. All increase staff song director nor behavior."
    }
},
{
    "model": "ITV.factura",
    "pk": 3,
    "fields": {
        "inspeccion": 50,
        "importe": "0.00",
        "pagado": true,
        "fecha_emision_factura": "2025-01-19",
        "observaciones": "Hair herself far future deal.\nHalf past data service people smile me between. Partner morning common agent actually store. Security throw they."
    }
},
{
    "model": "ITV.factura",
    "pk": 4,
    "fields": {
        "inspeccion": 38,
        "importe": "0.16",
        "pagado": true,
        "fecha_emision_factura": "2025-01-19",
        "observaciones": "Sort practice stuff later dinner time. Professor situation eight great baby build. Former ready box.\nRace image past side each hand civil. Week someone line pick raise guy."
    }
},
{
    "model": "ITV.factura",
    "pk": 5,
    "fields": {
        "inspeccion": 43,
        "importe": "0.11",
        "pagado": true,
        "fecha_emision_factura": "2025-01-19",
        "observaciones": "Draw really understand pass artist prevent firm. Open hope that last simply all. Visit year front life."
    }
},
{
    "model": "ITV.factura",
    "pk": 6,
    "fields": {
        "inspeccion": 45,
        "importe": "0.57",
        "pagado": true,
        "fecha_emision_factura": "2025-01-19",
        "observaciones": "Certain low mouth art kid we mouth receive. Make science bar decide treatment.\nInside air although plan science. Seven light blood outside at continue sure. View game miss Republican."
    }
},
{
    "model": "ITV.factura",
    "pk": 7,
    "fields": {
        "inspeccion": 42,
        "importe": "0.53",
        "pagado": false,
        "fecha_emision_factura": "2025-01-19",
        "observaciones": "Hold yourself garden black worry event. Decision process crime best. Various find perform.\nEconomic it reflect. Fire decade head tonight conference."
    }
},
{
    "model": "ITV.factura",
    "pk": 8,
    "fields": {
        "inspeccion": 49,
        "importe": "0.05",
        "pagado": true,
        "fecha_emision_factura": "2025-01-19",
        "observaciones": "Benefit himself red former country free.\nReady recognize position seat.\nArgue operation simple best candidate individual staff start. Per head our treat old. Concern section her."
    }
},
{
    "model": "ITV.factura",
    "pk": 9,
    "fields": {
        "inspeccion": 39,
        "importe": "0.59",
        "pagado": false,
        "fecha_emision_factura": "2025-01-19",
        "observaciones": "Power attorney add know accept question talk know. Threat also huge bank your pull.\nVery room surface standard above body reveal."
    }
},
{
    "model": "ITV.factura",
    "pk": 10,
    "fields": {
        "inspeccion": 47,
        "importe": "0.07",
        "pagado": true,
        "fecha_emision_factura": "2025-01-19",
        "observaciones": "Instead realize most job ahead address. Evidence street citizen deep son mouth.\nSuccessful alone modern west foreign hand spend. Policy reach his reason."
    }
},
{
    "model": "ITV.factura",
    "pk": 11,
    "fields": {
        "inspeccion": 51,
        "importe": "0.22",
        "pagado": true,
        "fecha_emision_factura": "2025-01-19",
        "observaciones": "Car hospital specific friend. Thus remember unit.\nCareer main also size draw generation region herself. Down raise item drive including he past.\nWay ok firm surface out late."
    }
},
{
    "model": "ITV.factura",
    "pk": 12,
    "fields": {
        "inspeccion": 37,
        "importe": "0.50",
        "pagado": false,
        "fecha_emision_factura": "2025-01-19",
        "observaciones": "Generation bring teacher the according. Nice of light nation choose.\nCover road sister my operation until bank. Physical event medical west show particular during. Player reason room sure."
    }
},
{
    "model": "ITV.factura",
    "pk": 13,
    "fields": {
        "inspeccion": 41,
        "importe": "0.39",
        "pagado": true,
        "fecha_emision_factura": "2025-01-19",
        "observaciones": "Adult anyone especially change benefit. Effect so interest billion. Drug next significant case."
    }
},
{
    "model": "ITV.factura",
    "pk": 14,
    "fields": {
        "inspeccion": 48,
        "importe": "0.88",
        "pagado": false,
        "fecha_emision_factura": "2025-01-19",
        "observaciones": "Learn nearly year eat buy. Experience sign natural discuss without. Source company skill condition worker stage pattern. Tend official ask meet most."
    }
},
{
    "model": "ITV.factura",
    "pk": 15,
    "fields": {
        "inspeccion": 46,
        "importe": "0.87",
        "pagado": true,
        "fecha_emision_factura": "2025-01-19",
        "observaciones": "Pass entire home move center risk. Leave skin idea note.\nSide wonder likely campaign first yourself. Already window collection any. Enough think you describe personal. Behind act enjoy."
    }
}
]
